{
    "name": "root",
    "gauges": {
        "Battlespace.Policy.Entropy.mean": {
            "value": 15.305242538452148,
            "min": 3.6443188190460205,
            "max": 15.327418327331543,
            "count": 9437
        },
        "Battlespace.Policy.Entropy.sum": {
            "value": 309211.8125,
            "min": 9974.169921875,
            "max": 336625.46875,
            "count": 9437
        },
        "Battlespace.Environment.EpisodeLength.mean": {
            "value": 264.85526315789474,
            "min": 203.6326530612245,
            "max": 328.67241379310343,
            "count": 9437
        },
        "Battlespace.Environment.EpisodeLength.sum": {
            "value": 20129.0,
            "min": 2423.0,
            "max": 22821.0,
            "count": 9437
        },
        "Battlespace.Step.mean": {
            "value": 96509831.0,
            "min": 2149978.0,
            "max": 96509831.0,
            "count": 9437
        },
        "Battlespace.Step.sum": {
            "value": 96509831.0,
            "min": 2149978.0,
            "max": 96509831.0,
            "count": 9437
        },
        "Battlespace.Policy.ExtrinsicBaselineEstimate.mean": {
            "value": 0.08962744474411011,
            "min": 0.010366025380790234,
            "max": 0.25916457176208496,
            "count": 9437
        },
        "Battlespace.Policy.ExtrinsicBaselineEstimate.sum": {
            "value": 3.4058430194854736,
            "min": 0.39390894770622253,
            "max": 10.88491153717041,
            "count": 9437
        },
        "Battlespace.Policy.ExtrinsicValueEstimate.mean": {
            "value": 0.08962744474411011,
            "min": 0.010366025380790234,
            "max": 0.25916457176208496,
            "count": 9437
        },
        "Battlespace.Policy.ExtrinsicValueEstimate.sum": {
            "value": 3.4058430194854736,
            "min": 0.39390894770622253,
            "max": 10.88491153717041,
            "count": 9437
        },
        "Battlespace.Environment.CumulativeReward.mean": {
            "value": 0.2656578948035052,
            "min": 0.07311111492001349,
            "max": 2.2250000048548944,
            "count": 9437
        },
        "Battlespace.Environment.CumulativeReward.sum": {
            "value": 10.095000002533197,
            "min": 1.5390000492334366,
            "max": 72.25600284337997,
            "count": 9437
        },
        "Battlespace.Policy.ExtrinsicReward.mean": {
            "value": 0.2656578948035052,
            "min": 0.07311111492001349,
            "max": 2.2250000048548944,
            "count": 9437
        },
        "Battlespace.Policy.ExtrinsicReward.sum": {
            "value": 10.095000002533197,
            "min": 2.0790000706911087,
            "max": 72.25600284337997,
            "count": 9437
        },
        "Battlespace.Self-play.ELO.mean": {
            "value": 40334.264848980885,
            "min": 2055.4266285150916,
            "max": 40334.264848980885,
            "count": 9437
        },
        "Battlespace.Self-play.ELO.sum": {
            "value": 1532702.0642612737,
            "min": 10277.133142575458,
            "max": 1672971.5197549136,
            "count": 9437
        },
        "Battlespace.Environment.GroupCumulativeReward.mean": {
            "value": 0.0,
            "min": 0.0,
            "max": 0.0,
            "count": 9437
        },
        "Battlespace.Environment.GroupCumulativeReward.sum": {
            "value": 0.0,
            "min": 0.0,
            "max": 0.0,
            "count": 9437
        },
        "Battlespace.IsTraining.mean": {
            "value": 1.0,
            "min": 1.0,
            "max": 1.0,
            "count": 9437
        },
        "Battlespace.IsTraining.sum": {
            "value": 1.0,
            "min": 1.0,
            "max": 1.0,
            "count": 9437
        },
        "Battlespace.Losses.PolicyLoss.mean": {
            "value": 0.01579597838766252,
            "min": 0.008917524261050858,
            "max": 0.026808417409968872,
            "count": 4577
        },
        "Battlespace.Losses.PolicyLoss.sum": {
            "value": 0.01579597838766252,
            "min": 0.008917524261050858,
            "max": 0.026808417409968872,
            "count": 4577
        },
        "Battlespace.Losses.ValueLoss.mean": {
            "value": 0.0018305235852797827,
            "min": 0.0004650722248091673,
            "max": 1.446440086265405,
            "count": 4577
        },
        "Battlespace.Losses.ValueLoss.sum": {
            "value": 0.0018305235852797827,
            "min": 0.0004650722248091673,
            "max": 1.446440086265405,
            "count": 4577
        },
        "Battlespace.Losses.BaselineLoss.mean": {
            "value": 0.0018305235852797827,
            "min": 0.0004650722248091673,
            "max": 1.4659942880272865,
            "count": 4577
        },
        "Battlespace.Losses.BaselineLoss.sum": {
            "value": 0.0018305235852797827,
            "min": 0.0004650722248091673,
            "max": 1.4659942880272865,
            "count": 4577
        },
        "Battlespace.Policy.LearningRate.mean": {
            "value": 0.0003,
            "min": 0.0003,
            "max": 0.0003,
            "count": 4577
        },
        "Battlespace.Policy.LearningRate.sum": {
            "value": 0.0003,
            "min": 0.0003,
            "max": 0.0003,
            "count": 4577
        },
        "Battlespace.Policy.Epsilon.mean": {
            "value": 0.20000000000000007,
            "min": 0.20000000000000007,
            "max": 0.20000000000000007,
            "count": 4577
        },
        "Battlespace.Policy.Epsilon.sum": {
            "value": 0.20000000000000007,
            "min": 0.20000000000000007,
            "max": 0.20000000000000007,
            "count": 4577
        },
        "Battlespace.Policy.Beta.mean": {
            "value": 0.005000000000000001,
            "min": 0.005000000000000001,
            "max": 0.005000000000000001,
            "count": 4577
        },
        "Battlespace.Policy.Beta.sum": {
            "value": 0.005000000000000001,
            "min": 0.005000000000000001,
            "max": 0.005000000000000001,
            "count": 4577
        }
    },
    "metadata": {
        "timer_format_version": "0.1.0",
        "start_time_seconds": "1678479909",
        "python_version": "3.7.15 (default, Nov 24 2022, 18:44:54) [MSC v.1916 64 bit (AMD64)]",
        "command_line_arguments": "E:\\Miniconda3\\envs\\mlagents\\Scripts\\mlagents-learn config/poca/Battlespace_Multi.yaml --env=environments/Battlespace --run-id=multi9 --resume --no-graphics",
        "mlagents_version": "0.29.0",
        "mlagents_envs_version": "0.29.0",
        "communication_protocol_version": "1.5.0",
        "pytorch_version": "1.7.1+cu110",
        "numpy_version": "1.21.2",
        "end_time_seconds": "1679274411"
    },
    "total": 794476.7863995,
    "count": 1,
    "self": 1.6350611998932436,
    "children": {
        "run_training.setup": {
            "total": 0.09789840000000005,
            "count": 1,
            "self": 0.09789840000000005
        },
        "TrainerController.start_learning": {
            "total": 794475.0534399,
            "count": 1,
            "self": 993.1659032105235,
            "children": {
                "TrainerController._reset_env": {
                    "total": 3.9296872003287495,
                    "count": 190,
                    "self": 3.9296872003287495
                },
                "TrainerController.advance": {
                    "total": 793477.9578494892,
                    "count": 57652383,
                    "self": 942.4355380524648,
                    "children": {
                        "env_step": {
                            "total": 760942.97033736,
                            "count": 57652383,