{
    "name": "root",
    "gauges": {
        "Battlespace.Policy.Entropy.mean": {
            "value": 10.220857620239258,
            "min": 7.475264549255371,
            "max": 10.220857620239258,
            "count": 3773
        },
        "Battlespace.Policy.Entropy.sum": {
            "value": 103506.625,
            "min": 3625.50341796875,
            "max": 107135.0234375,
            "count": 3773
        },
        "Battlespace.Environment.EpisodeLength.mean": {
            "value": 193.86274509803923,
            "min": 109.5,
            "max": 224.2,
            "count": 3773
        },
        "Battlespace.Environment.EpisodeLength.sum": {
            "value": 9887.0,
            "min": 219.0,
            "max": 10554.0,
            "count": 3773
        },
        "Battlespace.Step.mean": {
            "value": 136219927.0,
            "min": 98499968.0,
            "max": 136219927.0,
            "count": 3773
        },
        "Battlespace.Step.sum": {
            "value": 136219927.0,
            "min": 98499968.0,
            "max": 136219927.0,
            "count": 3773
        },
        "Battlespace.Policy.ExtrinsicBaselineEstimate.mean": {
            "value": 0.016257278621196747,
            "min": 0.011647465638816357,
            "max": 0.046454016119241714,
            "count": 3773
        },
        "Battlespace.Policy.ExtrinsicBaselineEstimate.sum": {
            "value": 0.8291211724281311,
            "min": 0.046454016119241714,
            "max": 0.978214681148529,
            "count": 3773
        },
        "Battlespace.Policy.ExtrinsicValueEstimate.mean": {
            "value": 0.016257278621196747,
            "min": 0.011647465638816357,
            "max": 0.040247879922389984,
            "count": 3773
        },
        "Battlespace.Policy.ExtrinsicValueEstimate.sum": {
            "value": 0.8291211724281311,
            "min": 0.040247879922389984,
            "max": 0.978214681148529,
            "count": 3773
        },
        "Battlespace.Environment.CumulativeReward.mean": {
            "value": 0.046113729184749076,
            "min": 0.0,
            "max": 0.059000003596560824,
            "count": 3773
        },
        "Battlespace.Environment.CumulativeReward.sum": {
            "value": 2.351800188422203,
            "min": 0.0,
            "max": 2.7284002075903118,
            "count": 3773
        },
        "Battlespace.Policy.ExtrinsicReward.mean": {
            "value": 0.046113729184749076,
            "min": 0.0,
            "max": 0.059000003596560824,
            "count": 3773
        },
        "Battlespace.Policy.ExtrinsicReward.sum": {
            "value": 2.351800188422203,
            "min": 0.0,
            "max": 2.7284002075903118,
            "count": 3773
        },
        "Battlespace.Self-play.ELO.mean": {
            "value": 436.54569148465345,
            "min": 0.7721908916130245,
            "max": 482.28970177530977,
            "count": 3773
        },
        "Battlespace.Self-play.ELO.sum": {
            "value": 22263.830265717326,
            "min": 0.7721908916130245,
            "max": 29378.28777586572,
            "count": 3773
        },
        "Battlespace.IsTraining.mean": {
            "value": 1.0,
            "min": 1.0,
            "max": 1.0,
            "count": 3773
        },
        "Battlespace.IsTraining.sum": {
            "value": 1.0,
            "min": 1.0,
            "max": 1.0,
            "count": 3773
        },
        "Battlespace.Environment.GroupCumulativeReward.mean": {
            "value": 0.0,
            "min": 0.0,
            "max": 0.0,
            "count": 3772
        },
        "Battlespace.Environment.GroupCumulativeReward.sum": {
            "value": 0.0,
            "min": 0.0,
            "max": 0.0,
            "count": 3772
        },
        "Battlespace.Losses.PolicyLoss.mean": {
            "value": 0.011476608319208026,
            "min": 0.00902959002511731,
            "max": 0.024414477947478492,
            "count": 1832
        },
        "Battlespace.Losses.PolicyLoss.sum": {
            "value": 0.011476608319208026,
            "min": 0.00902959002511731,
            "max": 0.024414477947478492,
            "count": 1832
        },
        "Battlespace.Losses.ValueLoss.mean": {
            "value": 8.879612323653419e-06,
            "min": 6.766827497510045e-06,
            "max": 3.434626987655065e-05,
            "count": 1832
        },
        "Battlespace.Losses.ValueLoss.sum": {
            "value": 8.879612323653419e-06,
            "min": 6.766827497510045e-06,
            "max": 3.434626987655065e-05,
            "count": 1832
        },
        "Battlespace.Losses.BaselineLoss.mean": {
            "value": 8.879612323653419e-06,
            "min": 6.766827497510045e-06,
            "max": 4.4944374803890244e-05,
            "count": 1832
        },
        "Battlespace.Losses.BaselineLoss.sum": {
            "value": 8.879612323653419e-06,
            "min": 6.766827497510045e-06,
            "max": 4.4944374803890244e-05,
            "count": 1832
        },
        "Battlespace.Policy.LearningRate.mean": {
            "value": 0.0003,
            "min": 0.0003,
            "max": 0.0003,
            "count": 1832
        },
        "Battlespace.Policy.LearningRate.sum": {
            "value": 0.0003,
            "min": 0.0003,
            "max": 0.0003,
            "count": 1832
        },
        "Battlespace.Policy.Epsilon.mean": {
            "value": 0.20000000000000007,
            "min": 0.20000000000000007,
            "max": 0.20000000000000007,
            "count": 1832
        },
        "Battlespace.Policy.Epsilon.sum": {
            "value": 0.20000000000000007,
            "min": 0.20000000000000007,
            "max": 0.20000000000000007,
            "count": 1832
        },
        "Battlespace.Policy.Beta.mean": {
            "value": 0.005000000000000001,
            "min": 0.005000000000000001,
            "max": 0.005000000000000001,
            "count": 1832
        },
        "Battlespace.Policy.Beta.sum": {
            "value": 0.005000000000000001,
            "min": 0.005000000000000001,
            "max": 0.005000000000000001,
            "count": 1832
        }
    },
    "metadata": {
        "timer_format_version": "0.1.0",
        "start_time_seconds": "1677476409",
        "python_version": "3.7.15 (default, Nov 24 2022, 18:44:54) [MSC v.1916 64 bit (AMD64)]",
        "command_line_arguments": "E:\\Miniconda3\\envs\\mlagents\\Scripts\\mlagents-learn config/poca/Battlespace_Multi.yaml --env=environments/Battlespace --run-id=multi2 --no-graphics --resume",
        "mlagents_version": "0.29.0",
        "mlagents_envs_version": "0.29.0",
        "communication_protocol_version": "1.5.0",
        "pytorch_version": "1.7.1+cu110",
        "numpy_version": "1.21.2",
        "end_time_seconds": "1677615646"
    },
    "total": 139232.7675845,
    "count": 1,
    "self": 1.0473055999609642,
    "children": {
        "run_training.setup": {
            "total": 0.37780729999999885,
            "count": 1,
            "self": 0.37780729999999885
        },
        "TrainerController.start_learning": {
            "total": 139231.34247160002,
            "count": 1,
            "self": 238.03843471009168,
            "children": {
                "TrainerController._reset_env": {
                    "total": 16.44310000002295,
                    "count": 190,
                    "self": 16.44310000002295
                },
                "TrainerController.advance": {
                    "total": 138976.58620118987,
                    "count": 14024574,
                    "self": 224.25388047317392,
                    "children": {
                        "env_step": {
                            "total": 122420.85682930562,
                            "count": 14024574,
                            "self": 52819.922850306946,